{"cameraMode":{"drawMode":0,"name":"Shaded","section":"Shading Mode"},"sceneLighting":false,"audioPlay":false,"sceneViewState":{"m_AlwaysRefresh":false,"showFog":true,"showSkybox":false,"showFlares":true,"showImageEffects":true,"showParticleSystems":true,"showVisualEffectGraphs":true,"m_FxEnabled":true},"in2DMode":false,"pivot":{"x":-0.007962942123413086,"y":1.9800050258636475,"z":-1.163858413696289},"rotation":{"x":-0.042537763714790347,"y":0.5031829476356506,"z":-0.025915022939443589,"w":-0.8630639910697937},"size":2.34370756149292,"orthographic":false}