{"cameraMode":{"drawMode":0,"name":"Shaded","section":"Shading Mode"},"sceneLighting":false,"audioPlay":false,"sceneViewState":{"m_AlwaysRefresh":false,"showFog":true,"showSkybox":false,"showFlares":true,"showImageEffects":true,"showParticleSystems":true,"showVisualEffectGraphs":true,"m_FxEnabled":true},"in2DMode":false,"pivot":{"x":0.03535497933626175,"y":1.9600903987884522,"z":-0.30241262912750246},"rotation":{"x":-0.1401258111000061,"y":0.6458818912506104,"z":-0.13010843098163606,"w":-0.7391185164451599},"size":3.131565809249878,"orthographic":false}