{"cameraMode":{"drawMode":0,"name":"Shaded","section":"Shading Mode"},"sceneLighting":true,"audioPlay":false,"sceneViewState":{"m_AlwaysRefresh":false,"showFog":true,"showSkybox":false,"showFlares":true,"showImageEffects":true,"showParticleSystems":true,"showVisualEffectGraphs":true,"m_FxEnabled":true},"in2DMode":false,"pivot":{"x":-0.3516465723514557,"y":2.4891698360443117,"z":7.832102298736572},"rotation":{"x":-0.056631844490766528,"y":0.7603245973587036,"z":-0.07717270404100418,"w":-0.6428530216217041},"size":5.956631183624268,"orthographic":false}