{"cameraMode":{"drawMode":0,"name":"Shaded","section":"Shading Mode"},"sceneLighting":false,"audioPlay":false,"sceneViewState":{"m_AlwaysRefresh":false,"showFog":true,"showSkybox":false,"showFlares":true,"showImageEffects":true,"showParticleSystems":true,"showVisualEffectGraphs":true,"m_FxEnabled":true},"in2DMode":false,"pivot":{"x":3.1612253189086916,"y":2.107058048248291,"z":4.339440822601318},"rotation":{"x":0.13902540504932404,"y":-0.47552433609962466,"z":0.07640452682971955,"w":0.8652822971343994},"size":1.9245014190673829,"orthographic":false}