{"cameraMode":{"drawMode":0,"name":"Shaded","section":"Shading Mode"},"sceneLighting":false,"audioPlay":false,"sceneViewState":{"m_AlwaysRefresh":false,"showFog":true,"showSkybox":false,"showFlares":true,"showImageEffects":true,"showParticleSystems":true,"showVisualEffectGraphs":true,"m_FxEnabled":true},"in2DMode":false,"pivot":{"x":3.2851383686065676,"y":-6.948266983032227,"z":1.1007575988769532},"rotation":{"x":-0.0035739801824092867,"y":-0.8265344500541687,"z":0.5637748837471008,"w":-0.005822422448545694},"size":8.741740226745606,"orthographic":false}