{"cameraMode":{"drawMode":0,"name":"Shaded","section":"Shading Mode"},"sceneLighting":true,"audioPlay":false,"sceneViewState":{"m_AlwaysRefresh":false,"showFog":true,"showSkybox":false,"showFlares":true,"showImageEffects":true,"showParticleSystems":true,"showVisualEffectGraphs":true,"m_FxEnabled":true},"in2DMode":false,"pivot":{"x":-0.20002961158752442,"y":-0.184523344039917,"z":-0.07067809253931046},"rotation":{"x":-0.0011582861188799143,"y":0.9642612934112549,"z":-0.26352980732917788,"w":-0.0274314247071743},"size":1.3449110984802247,"orthographic":false}