{"cameraMode":{"drawMode":0,"name":"Shaded","section":"Shading Mode"},"sceneLighting":true,"audioPlay":false,"sceneViewState":{"m_AlwaysRefresh":false,"showFog":true,"showSkybox":false,"showFlares":true,"showImageEffects":true,"showParticleSystems":true,"showVisualEffectGraphs":true,"m_FxEnabled":true},"in2DMode":false,"pivot":{"x":0.6232004761695862,"y":0.2777542173862457,"z":-0.08787339925765991},"rotation":{"x":0.13542884588241578,"y":-0.6574459671974182,"z":0.12203268706798554,"w":0.7312453985214233},"size":0.07029221951961518,"orthographic":false}