{"cameraMode":{"drawMode":0,"name":"Shaded","section":"Shading Mode"},"sceneLighting":false,"audioPlay":false,"sceneViewState":{"m_AlwaysRefresh":false,"showFog":true,"showSkybox":false,"showFlares":true,"showImageEffects":true,"showParticleSystems":true,"showVisualEffectGraphs":true,"m_FxEnabled":true},"in2DMode":false,"pivot":{"x":0.09914319217205048,"y":1.5838147401809693,"z":2.6247270107269289},"rotation":{"x":-0.1668776422739029,"y":-0.8377090096473694,"z":0.3592151999473572,"w":-0.3785686194896698},"size":1.6432193517684937,"orthographic":false}