{"cameraMode":{"drawMode":0,"name":"Shaded","section":"Shading Mode"},"sceneLighting":false,"audioPlay":false,"sceneViewState":{"m_AlwaysRefresh":false,"showFog":true,"showSkybox":false,"showFlares":true,"showImageEffects":true,"showParticleSystems":true,"showVisualEffectGraphs":true,"m_FxEnabled":true},"in2DMode":false,"pivot":{"x":-1.0562094449996949,"y":1.1605114936828614,"z":0.018282605335116388},"rotation":{"x":-0.1344907432794571,"y":0.7250840663909912,"z":-0.14796727895736695,"w":-0.6590114235877991},"size":2.217191219329834,"orthographic":false}