{"cameraMode":{"drawMode":0,"name":"Shaded","section":"Shading Mode"},"sceneLighting":false,"audioPlay":false,"sceneViewState":{"m_AlwaysRefresh":false,"showFog":true,"showSkybox":false,"showFlares":true,"showImageEffects":true,"showParticleSystems":true,"showVisualEffectGraphs":true,"m_FxEnabled":true},"in2DMode":false,"pivot":{"x":0.005079150199890137,"y":1.5192172527313233,"z":0.3747633695602417},"rotation":{"x":-0.13364757597446443,"y":0.713354229927063,"z":-0.14075779914855958,"w":-0.6735948324203491},"size":2.3216662406921388,"orthographic":false}