{"cameraMode":{"drawMode":0,"name":"Shaded","section":"Shading Mode"},"sceneLighting":false,"audioPlay":false,"sceneViewState":{"m_AlwaysRefresh":false,"showFog":true,"showSkybox":false,"showFlares":true,"showImageEffects":true,"showParticleSystems":true,"showVisualEffectGraphs":true,"m_FxEnabled":true},"in2DMode":false,"pivot":{"x":-0.5707781910896301,"y":-0.25367775559425356,"z":0.24010735750198365},"rotation":{"x":0.10427767783403397,"y":-0.6959351301193237,"z":0.10330528765916825,"w":0.7030293345451355},"size":1.1785410642623902,"orthographic":false}