{"cameraMode":{"drawMode":0,"name":"Shaded","section":"Shading Mode"},"sceneLighting":true,"audioPlay":false,"sceneViewState":{"m_AlwaysRefresh":false,"showFog":true,"showSkybox":false,"showFlares":true,"showImageEffects":true,"showParticleSystems":true,"showVisualEffectGraphs":true,"m_FxEnabled":true},"in2DMode":false,"pivot":{"x":0.3626756966114044,"y":0.12221921235322952,"z":-0.6339977383613586},"rotation":{"x":0.23153425753116609,"y":0.07258173078298569,"z":-0.01726844720542431,"w":0.9699928164482117},"size":2.1520731449127199,"orthographic":false}