{"cameraMode":{"drawMode":0,"name":"Shaded","section":"Shading Mode"},"sceneLighting":false,"audioPlay":false,"sceneViewState":{"m_AlwaysRefresh":false,"showFog":true,"showSkybox":false,"showFlares":true,"showImageEffects":true,"showParticleSystems":true,"showVisualEffectGraphs":true,"m_FxEnabled":true},"in2DMode":false,"pivot":{"x":7.5376200675964359,"y":11.945878982543946,"z":7.413507461547852},"rotation":{"x":0.07941627502441406,"y":-0.8681372404098511,"z":0.15100692212581635,"w":0.46771273016929629},"size":3.9767515659332277,"orthographic":false}