{"cameraMode":{"drawMode":0,"name":"Shaded","section":"Shading Mode"},"sceneLighting":false,"audioPlay":false,"sceneViewState":{"m_AlwaysRefresh":false,"showFog":true,"showSkybox":false,"showFlares":true,"showImageEffects":true,"showParticleSystems":true,"showVisualEffectGraphs":true,"m_FxEnabled":true},"in2DMode":false,"pivot":{"x":-0.6253660917282105,"y":2.8056411743164064,"z":4.271976470947266},"rotation":{"x":0.03321375697851181,"y":0.9448293447494507,"z":-0.30976468324661257,"w":0.1012924537062645},"size":0.8660253882408142,"orthographic":false}