{"cameraMode":{"drawMode":0,"name":"Shaded","section":"Shading Mode"},"sceneLighting":true,"audioPlay":false,"sceneViewState":{"m_AlwaysRefresh":false,"showFog":true,"showSkybox":false,"showFlares":true,"showImageEffects":true,"showParticleSystems":true,"showVisualEffectGraphs":true,"m_FxEnabled":true},"in2DMode":false,"pivot":{"x":2.29638934135437,"y":2.3788139820098879,"z":3.182835102081299},"rotation":{"x":0.17283651232719422,"y":-0.6676076650619507,"z":0.1636359542608261,"w":0.7054935097694397},"size":0.000017320508050033823,"orthographic":false}