{"cameraMode":{"drawMode":0,"name":"Shaded","section":"Shading Mode"},"sceneLighting":false,"audioPlay":false,"sceneViewState":{"m_AlwaysRefresh":false,"showFog":true,"showSkybox":false,"showFlares":true,"showImageEffects":true,"showParticleSystems":true,"showVisualEffectGraphs":true,"m_FxEnabled":true},"in2DMode":false,"pivot":{"x":1.2097599506378174,"y":0.41000503301620486,"z":0.32379263639450076},"rotation":{"x":0.09540828317403794,"y":-0.7002649307250977,"z":0.09537088125944138,"w":0.7010722160339356},"size":0.8660253882408142,"orthographic":false}