{"cameraMode":{"drawMode":0,"name":"Shaded","section":"Shading Mode"},"sceneLighting":true,"audioPlay":false,"sceneViewState":{"m_AlwaysRefresh":false,"showFog":true,"showSkybox":false,"showFlares":true,"showImageEffects":true,"showParticleSystems":true,"showVisualEffectGraphs":true,"m_FxEnabled":true},"in2DMode":false,"pivot":{"x":2.3975448608398439,"y":1.3366421461105347,"z":-0.14107760787010194},"rotation":{"x":-0.16200771927833558,"y":0.7514525055885315,"z":-0.1994197517633438,"w":-0.6079304814338684},"size":0.0702924057841301,"orthographic":false}