{"cameraMode":{"drawMode":0,"name":"Shaded","section":"Shading Mode"},"sceneLighting":false,"audioPlay":false,"sceneViewState":{"m_AlwaysRefresh":false,"showFog":true,"showSkybox":false,"showFlares":true,"showImageEffects":true,"showParticleSystems":true,"showVisualEffectGraphs":true,"m_FxEnabled":true},"in2DMode":false,"pivot":{"x":0.016088034957647325,"y":0.5766664147377014,"z":-0.8921093940734863},"rotation":{"x":0.05157443508505821,"y":0.9530470967292786,"z":-0.23113258183002473,"w":0.19379380345344544},"size":1.5773249864578248,"orthographic":false}