{"cameraMode":{"drawMode":0,"name":"Shaded","section":"Shading Mode"},"sceneLighting":false,"audioPlay":false,"sceneViewState":{"m_AlwaysRefresh":false,"showFog":true,"showSkybox":false,"showFlares":true,"showImageEffects":true,"showParticleSystems":true,"showVisualEffectGraphs":true,"m_FxEnabled":true},"in2DMode":false,"pivot":{"x":5.1529364585876469,"y":2.823525905609131,"z":-0.026742227375507356},"rotation":{"x":-0.05685117840766907,"y":0.8855715990066528,"z":-0.11242762953042984,"w":-0.447262167930603},"size":1.1092222929000855,"orthographic":false}