{"cameraMode":{"drawMode":0,"name":"Shaded","section":"Shading Mode"},"sceneLighting":false,"audioPlay":false,"sceneViewState":{"m_AlwaysRefresh":false,"showFog":true,"showSkybox":false,"showFlares":true,"showImageEffects":true,"showParticleSystems":true,"showVisualEffectGraphs":true,"m_FxEnabled":true},"in2DMode":false,"pivot":{"x":0.7890499234199524,"y":0.32769089937210085,"z":14.824629783630371},"rotation":{"x":0.18776410818099976,"y":-0.6079201102256775,"z":0.15097695589065553,"w":0.7566758990287781},"size":1.03562331199646,"orthographic":false}