{"cameraMode":{"drawMode":0,"name":"Shaded","section":"Shading Mode"},"sceneLighting":false,"audioPlay":false,"sceneViewState":{"m_AlwaysRefresh":false,"showFog":false,"showSkybox":false,"showFlares":false,"showImageEffects":false,"showParticleSystems":false,"showVisualEffectGraphs":true,"m_FxEnabled":true},"in2DMode":false,"pivot":{"x":-0.07333305478096008,"y":1.2278856039047242,"z":-0.8087839484214783},"rotation":{"x":0.00003784625369007699,"y":0.9918623566627502,"z":-0.1287718117237091,"w":-0.0002795953769236803},"size":1.5295864343643189,"orthographic":false}